"id_provincia","year","value"
1,1931,0
2,1931,0
3,1931,0
4,1931,0
33,1931,0
5,1931,0
6,1931,0
7,1931,0
8,1931,0
9,1931,0
10,1931,0
11,1931,0
39,1931,0
12,1931,0
51,1931,0
13,1931,0
14,1931,0
15,1931,0
16,1931,0
17,1931,0
18,1931,0
19,1931,0
20,1931,0
21,1931,0
22,1931,0
23,1931,0
24,1931,0
25,1931,0
27,1931,0
28,1931,0
29,1931,0
52,1931,0
30,1931,0
31,1931,0
32,1931,0
34,1931,0
35,1931,0
36,1931,0
26,1931,0
37,1931,0
40,1931,0
41,1931,0
42,1931,0
43,1931,0
38,1931,0
44,1931,0
45,1931,0
46,1931,0
47,1931,0
48,1931,0
49,1931,0
50,1931,0
1,1942,0
2,1942,0
3,1942,0
4,1942,0
33,1942,0
5,1942,0
6,1942,0
7,1942,0
8,1942,0
9,1942,0
10,1942,0
11,1942,0
39,1942,0
12,1942,0
51,1942,0
13,1942,0
14,1942,0
15,1942,0
16,1942,0
17,1942,0
18,1942,0
19,1942,0
20,1942,0
21,1942,0
22,1942,0
23,1942,0
24,1942,0
25,1942,0
27,1942,0
28,1942,0
29,1942,0
52,1942,0
30,1942,0
31,1942,0
32,1942,0
34,1942,0
35,1942,0
36,1942,0
26,1942,0
37,1942,0
40,1942,0
41,1942,0
42,1942,0
43,1942,0
38,1942,0
44,1942,0
45,1942,0
46,1942,0
47,1942,0
48,1942,0
49,1942,0
50,1942,0
1,1947,0
2,1947,0
3,1947,0
4,1947,0
33,1947,0
5,1947,0
6,1947,0
7,1947,0
8,1947,0
9,1947,0
10,1947,0
11,1947,0
39,1947,0
12,1947,0
51,1947,0
13,1947,0
14,1947,0
15,1947,0
16,1947,0
17,1947,0
18,1947,0
19,1947,0
20,1947,0
21,1947,0
22,1947,0
23,1947,0
24,1947,0
25,1947,0
27,1947,0
28,1947,0
29,1947,0
52,1947,0
30,1947,0
31,1947,0
32,1947,0
34,1947,0
35,1947,0
36,1947,0
26,1947,0
37,1947,0
40,1947,0
41,1947,0
42,1947,0
43,1947,0
38,1947,0
44,1947,0
45,1947,0
46,1947,0
47,1947,0
48,1947,0
49,1947,0
50,1947,0
1,1949,0
2,1949,0
3,1949,0
4,1949,0
33,1949,0
5,1949,0
6,1949,0
7,1949,0
8,1949,0
9,1949,0
10,1949,0
11,1949,0
39,1949,0
12,1949,0
51,1949,0
13,1949,0
14,1949,0
15,1949,0
16,1949,0
17,1949,0
18,1949,0
19,1949,0
20,1949,0
21,1949,0
22,1949,0
23,1949,0
24,1949,0
25,1949,0
27,1949,0
28,1949,0
29,1949,0
52,1949,0
30,1949,0
31,1949,0
32,1949,0
34,1949,0
35,1949,0
36,1949,0
26,1949,0
37,1949,0
40,1949,0
41,1949,0
42,1949,0
43,1949,0
38,1949,0
44,1949,0
45,1949,0
46,1949,0
47,1949,0
48,1949,0
49,1949,0
50,1949,0
1,1950,0
2,1950,0
3,1950,0
4,1950,0
33,1950,0
5,1950,0
6,1950,0
7,1950,0
8,1950,0
9,1950,0
10,1950,0
11,1950,0
39,1950,0
12,1950,0
51,1950,0
13,1950,0
14,1950,0
15,1950,0
16,1950,0
17,1950,0
18,1950,0
19,1950,0
20,1950,0
21,1950,0
22,1950,0
23,1950,0
24,1950,0
25,1950,0
27,1950,0
28,1950,0
29,1950,0
52,1950,0
30,1950,0
31,1950,0
32,1950,0
34,1950,0
35,1950,0
36,1950,0
26,1950,0
37,1950,0
40,1950,0
41,1950,0
42,1950,0
43,1950,0
38,1950,0
44,1950,0
45,1950,0
46,1950,0
47,1950,0
48,1950,0
49,1950,0
50,1950,0
1,1951,0
2,1951,0
3,1951,0
4,1951,0
33,1951,0
5,1951,0
6,1951,0
7,1951,0
8,1951,0
9,1951,0
10,1951,0
11,1951,0
39,1951,0
12,1951,0
51,1951,0
13,1951,0
14,1951,0
15,1951,0
16,1951,0
17,1951,0
18,1951,0
19,1951,0
20,1951,0
21,1951,0
22,1951,0
23,1951,0
24,1951,0
25,1951,0
27,1951,0
28,1951,0
29,1951,0
52,1951,0
30,1951,0
31,1951,0
32,1951,0
34,1951,0
35,1951,0
36,1951,0
26,1951,0
37,1951,0
40,1951,0
41,1951,0
42,1951,0
43,1951,0
38,1951,0
44,1951,0
45,1951,0
46,1951,0
47,1951,0
48,1951,0
49,1951,0
50,1951,0
1,1952,0
2,1952,0
3,1952,0
4,1952,0
33,1952,0
5,1952,0
6,1952,0
7,1952,0
8,1952,0
9,1952,0
10,1952,0
11,1952,0
39,1952,0
12,1952,0
51,1952,0
13,1952,0
14,1952,0
15,1952,0
16,1952,0
17,1952,0
18,1952,0
19,1952,0
20,1952,0
21,1952,0
22,1952,0
23,1952,0
24,1952,0
25,1952,0
27,1952,0
28,1952,0
29,1952,0
52,1952,0
30,1952,0
31,1952,0
32,1952,0
34,1952,0
35,1952,0
36,1952,0
26,1952,0
37,1952,0
40,1952,0
41,1952,0
42,1952,0
43,1952,0
38,1952,0
44,1952,0
45,1952,0
46,1952,0
47,1952,0
48,1952,0
49,1952,0
50,1952,0
1,1953,0
2,1953,0
3,1953,0
4,1953,0
33,1953,0
5,1953,0
6,1953,0
7,1953,0
8,1953,0
9,1953,0
10,1953,0
11,1953,0
39,1953,0
12,1953,0
51,1953,0
13,1953,0
14,1953,0
15,1953,0
16,1953,0
17,1953,0
18,1953,0
19,1953,0
20,1953,0
21,1953,0
22,1953,0
23,1953,0
24,1953,0
25,1953,0
27,1953,0
28,1953,0
29,1953,0
52,1953,0
30,1953,0
31,1953,0
32,1953,0
34,1953,0
35,1953,0
36,1953,0
26,1953,0
37,1953,0
40,1953,0
41,1953,0
42,1953,0
43,1953,0
38,1953,0
44,1953,0
45,1953,0
46,1953,0
47,1953,0
48,1953,0
49,1953,0
50,1953,0
1,1954,0
2,1954,0
3,1954,0
4,1954,0
33,1954,0
5,1954,0
6,1954,0
7,1954,0
8,1954,0
9,1954,0
10,1954,0
11,1954,0
39,1954,0
12,1954,0
51,1954,0
13,1954,0
14,1954,0
15,1954,0
16,1954,0
17,1954,0
18,1954,1
19,1954,0
20,1954,0
21,1954,0
22,1954,0
23,1954,0
24,1954,0
25,1954,0
27,1954,0
28,1954,0
29,1954,0
52,1954,0
30,1954,0
31,1954,0
32,1954,0
34,1954,0
35,1954,0
36,1954,0
26,1954,0
37,1954,0
40,1954,0
41,1954,0
42,1954,0
43,1954,0
38,1954,0
44,1954,0
45,1954,0
46,1954,0
47,1954,0
48,1954,0
49,1954,0
50,1954,0
1,1955,0
2,1955,0
3,1955,0
4,1955,0
33,1955,0
5,1955,0
6,1955,0
7,1955,0
8,1955,0
9,1955,0
10,1955,0
11,1955,0
39,1955,0
12,1955,0
51,1955,0
13,1955,0
14,1955,0
15,1955,0
16,1955,0
17,1955,0
18,1955,0
19,1955,0
20,1955,0
21,1955,1
22,1955,0
23,1955,0
24,1955,0
25,1955,0
27,1955,0
28,1955,0
29,1955,0
52,1955,0
30,1955,0
31,1955,0
32,1955,0
34,1955,0
35,1955,0
36,1955,0
26,1955,0
37,1955,0
40,1955,0
41,1955,0
42,1955,0
43,1955,0
38,1955,0
44,1955,0
45,1955,0
46,1955,0
47,1955,0
48,1955,0
49,1955,0
50,1955,0
1,1956,0
2,1956,0
3,1956,0
4,1956,0
33,1956,0
5,1956,0
6,1956,0
7,1956,0
8,1956,0
9,1956,0
10,1956,0
11,1956,0
39,1956,0
12,1956,0
51,1956,0
13,1956,0
14,1956,0
15,1956,0
16,1956,0
17,1956,0
18,1956,0
19,1956,0
20,1956,0
21,1956,0
22,1956,0
23,1956,0
24,1956,0
25,1956,0
27,1956,0
28,1956,0
29,1956,0
52,1956,0
30,1956,0
31,1956,0
32,1956,0
34,1956,0
35,1956,0
36,1956,0
26,1956,0
37,1956,0
40,1956,0
41,1956,0
42,1956,0
43,1956,0
38,1956,0
44,1956,0
45,1956,0
46,1956,0
47,1956,0
48,1956,0
49,1956,0
50,1956,0
1,1957,0
2,1957,0
3,1957,0
4,1957,0
33,1957,0
5,1957,0
6,1957,0
7,1957,0
8,1957,0
9,1957,0
10,1957,0
11,1957,0
39,1957,0
12,1957,0
51,1957,0
13,1957,0
14,1957,0
15,1957,0
16,1957,0
17,1957,0
18,1957,0
19,1957,0
20,1957,0
21,1957,0
22,1957,0
23,1957,0
24,1957,0
25,1957,0
27,1957,0
28,1957,1
29,1957,0
52,1957,0
30,1957,0
31,1957,0
32,1957,0
34,1957,0
35,1957,0
36,1957,0
26,1957,0
37,1957,0
40,1957,0
41,1957,0
42,1957,0
43,1957,0
38,1957,0
44,1957,0
45,1957,0
46,1957,1
47,1957,0
48,1957,0
49,1957,0
50,1957,0
1,1958,0
2,1958,0
3,1958,0
4,1958,0
33,1958,0
5,1958,0
6,1958,0
7,1958,0
8,1958,1
9,1958,0
10,1958,0
11,1958,1
39,1958,0
12,1958,0
51,1958,0
13,1958,0
14,1958,2
15,1958,0
16,1958,0
17,1958,0
18,1958,8
19,1958,1
20,1958,0
21,1958,6
22,1958,0
23,1958,0
24,1958,0
25,1958,0
27,1958,0
28,1958,2
29,1958,3
52,1958,0
30,1958,1
31,1958,0
32,1958,0
34,1958,0
35,1958,0
36,1958,1
26,1958,0
37,1958,0
40,1958,0
41,1958,1
42,1958,0
43,1958,0
38,1958,1
44,1958,0
45,1958,0
46,1958,3
47,1958,0
48,1958,0
49,1958,0
50,1958,0
1,1959,0
2,1959,0
3,1959,1
4,1959,2
33,1959,2
5,1959,0
6,1959,0
7,1959,1
8,1959,9
9,1959,1
10,1959,7
11,1959,2
39,1959,3
12,1959,0
51,1959,0
13,1959,2
14,1959,1
15,1959,1
16,1959,1
17,1959,2
18,1959,4
19,1959,0
20,1959,1
21,1959,7
22,1959,3
23,1959,0
24,1959,2
25,1959,0
27,1959,2
28,1959,5
29,1959,1
52,1959,0
30,1959,5
31,1959,4
32,1959,2
34,1959,0
35,1959,0
36,1959,2
26,1959,0
37,1959,2
40,1959,3
41,1959,5
42,1959,0
43,1959,1
38,1959,5
44,1959,0
45,1959,1
46,1959,7
47,1959,0
48,1959,6
49,1959,5
50,1959,5
1,1960,0
2,1960,0
3,1960,0
4,1960,0
33,1960,0
5,1960,0
6,1960,0
7,1960,1
8,1960,2
9,1960,0
10,1960,0
11,1960,1
39,1960,0
12,1960,0
51,1960,0
13,1960,0
14,1960,0
15,1960,0
16,1960,0
17,1960,0
18,1960,12
19,1960,1
20,1960,0
21,1960,1
22,1960,0
23,1960,1
24,1960,1
25,1960,0
27,1960,0
28,1960,2
29,1960,0
52,1960,0
30,1960,1
31,1960,3
32,1960,0
34,1960,0
35,1960,0
36,1960,1
26,1960,0
37,1960,1
40,1960,0
41,1960,8
42,1960,0
43,1960,0
38,1960,2
44,1960,0
45,1960,2
46,1960,0
47,1960,0
48,1960,2
49,1960,1
50,1960,0
1,1961,0
2,1961,0
3,1961,0
4,1961,1
33,1961,0
5,1961,0
6,1961,1
7,1961,0
8,1961,0
9,1961,0
10,1961,0
11,1961,0
39,1961,0
12,1961,0
51,1961,0
13,1961,0
14,1961,0
15,1961,0
16,1961,0
17,1961,0
18,1961,6
19,1961,0
20,1961,0
21,1961,1
22,1961,0
23,1961,0
24,1961,0
25,1961,0
27,1961,0
28,1961,6
29,1961,0
52,1961,0
30,1961,1
31,1961,1
32,1961,0
34,1961,0
35,1961,0
36,1961,0
26,1961,0
37,1961,0
40,1961,0
41,1961,4
42,1961,0
43,1961,0
38,1961,3
44,1961,0
45,1961,3
46,1961,1
47,1961,0
48,1961,1
49,1961,0
50,1961,3
1,1962,0
2,1962,0
3,1962,0
4,1962,2
33,1962,0
5,1962,0
6,1962,0
7,1962,7
8,1962,5
9,1962,0
10,1962,0
11,1962,1
39,1962,0
12,1962,0
51,1962,0
13,1962,0
14,1962,0
15,1962,0
16,1962,0
17,1962,0
18,1962,7
19,1962,2
20,1962,0
21,1962,2
22,1962,0
23,1962,1
24,1962,0
25,1962,0
27,1962,0
28,1962,14
29,1962,2
52,1962,0
30,1962,0
31,1962,2
32,1962,0
34,1962,0
35,1962,1
36,1962,0
26,1962,0
37,1962,2
40,1962,0
41,1962,6
42,1962,0
43,1962,1
38,1962,0
44,1962,0
45,1962,0
46,1962,8
47,1962,0
48,1962,0
49,1962,0
50,1962,1
1,1963,0
2,1963,0
3,1963,1
4,1963,0
33,1963,2
5,1963,0
6,1963,0
7,1963,4
8,1963,0
9,1963,0
10,1963,0
11,1963,0
39,1963,0
12,1963,0
51,1963,0
13,1963,0
14,1963,1
15,1963,0
16,1963,0
17,1963,0
18,1963,5
19,1963,0
20,1963,0
21,1963,6
22,1963,0
23,1963,0
24,1963,0
25,1963,0
27,1963,0
28,1963,5
29,1963,0
52,1963,0
30,1963,2
31,1963,0
32,1963,0
34,1963,0
35,1963,1
36,1963,0
26,1963,0
37,1963,0
40,1963,0
41,1963,3
42,1963,0
43,1963,0
38,1963,0
44,1963,0
45,1963,1
46,1963,6
47,1963,0
48,1963,0
49,1963,0
50,1963,1
1,1964,0
2,1964,0
3,1964,0
4,1964,0
33,1964,2
5,1964,0
6,1964,0
7,1964,7
8,1964,3
9,1964,1
10,1964,0
11,1964,3
39,1964,0
12,1964,0
51,1964,0
13,1964,0
14,1964,0
15,1964,0
16,1964,0
17,1964,1
18,1964,6
19,1964,2
20,1964,0
21,1964,2
22,1964,0
23,1964,0
24,1964,1
25,1964,0
27,1964,0
28,1964,7
29,1964,1
52,1964,0
30,1964,0
31,1964,1
32,1964,0
34,1964,0
35,1964,0
36,1964,0
26,1964,0
37,1964,0
40,1964,0
41,1964,3
42,1964,0
43,1964,0
38,1964,0
44,1964,0
45,1964,0
46,1964,4
47,1964,1
48,1964,0
49,1964,0
50,1964,0
1,1965,0
2,1965,0
3,1965,0
4,1965,0
33,1965,2
5,1965,0
6,1965,1
7,1965,4
8,1965,1
9,1965,0
10,1965,0
11,1965,3
39,1965,0
12,1965,0
51,1965,0
13,1965,0
14,1965,0
15,1965,0
16,1965,0
17,1965,0
18,1965,11
19,1965,0
20,1965,0
21,1965,3
22,1965,0
23,1965,4
24,1965,0
25,1965,0
27,1965,0
28,1965,13
29,1965,1
52,1965,0
30,1965,0
31,1965,1
32,1965,0
34,1965,0
35,1965,2
36,1965,0
26,1965,0
37,1965,0
40,1965,0
41,1965,3
42,1965,0
43,1965,0
38,1965,2
44,1965,1
45,1965,0
46,1965,2
47,1965,0
48,1965,0
49,1965,0
50,1965,0
1,1966,0
2,1966,0
3,1966,0
4,1966,0
33,1966,0
5,1966,0
6,1966,0
7,1966,3
8,1966,4
9,1966,0
10,1966,0
11,1966,4
39,1966,0
12,1966,0
51,1966,0
13,1966,0
14,1966,2
15,1966,0
16,1966,0
17,1966,0
18,1966,7
19,1966,0
20,1966,0
21,1966,7
22,1966,0
23,1966,1
24,1966,0
25,1966,0
27,1966,0
28,1966,5
29,1966,0
52,1966,0
30,1966,0
31,1966,3
32,1966,0
34,1966,0
35,1966,2
36,1966,0
26,1966,0
37,1966,0
40,1966,0
41,1966,5
42,1966,0
43,1966,0
38,1966,2
44,1966,0
45,1966,0
46,1966,1
47,1966,0
48,1966,2
49,1966,0
50,1966,0
1,1967,0
2,1967,0
3,1967,0
4,1967,0
33,1967,1
5,1967,0
6,1967,0
7,1967,2
8,1967,7
9,1967,0
10,1967,0
11,1967,2
39,1967,1
12,1967,0
51,1967,0
13,1967,0
14,1967,0
15,1967,0
16,1967,0
17,1967,0
18,1967,7
19,1967,2
20,1967,0
21,1967,4
22,1967,0
23,1967,0
24,1967,1
25,1967,0
27,1967,0
28,1967,6
29,1967,1
52,1967,1
30,1967,1
31,1967,2
32,1967,0
34,1967,0
35,1967,1
36,1967,0
26,1967,0
37,1967,0
40,1967,0
41,1967,12
42,1967,0
43,1967,0
38,1967,0
44,1967,0
45,1967,2
46,1967,9
47,1967,0
48,1967,0
49,1967,0
50,1967,1
1,1968,0
2,1968,0
3,1968,0
4,1968,1
33,1968,2
5,1968,0
6,1968,0
7,1968,3
8,1968,1
9,1968,0
10,1968,1
11,1968,0
39,1968,0
12,1968,0
51,1968,0
13,1968,0
14,1968,0
15,1968,0
16,1968,0
17,1968,0
18,1968,17
19,1968,1
20,1968,0
21,1968,3
22,1968,0
23,1968,1
24,1968,0
25,1968,0
27,1968,0
28,1968,3
29,1968,0
52,1968,0
30,1968,0
31,1968,1
32,1968,1
34,1968,0
35,1968,0
36,1968,0
26,1968,0
37,1968,0
40,1968,0
41,1968,1
42,1968,0
43,1968,0
38,1968,0
44,1968,0
45,1968,3
46,1968,3
47,1968,0
48,1968,1
49,1968,0
50,1968,0
1,1969,0
2,1969,0
3,1969,0
4,1969,1
33,1969,1
5,1969,0
6,1969,0
7,1969,2
8,1969,6
9,1969,0
10,1969,0
11,1969,0
39,1969,0
12,1969,0
51,1969,0
13,1969,0
14,1969,1
15,1969,0
16,1969,0
17,1969,0
18,1969,11
19,1969,3
20,1969,0
21,1969,1
22,1969,0
23,1969,1
24,1969,1
25,1969,0
27,1969,0
28,1969,7
29,1969,1
52,1969,0
30,1969,1
31,1969,4
32,1969,0
34,1969,0
35,1969,2
36,1969,0
26,1969,0
37,1969,0
40,1969,0
41,1969,4
42,1969,0
43,1969,0
38,1969,0
44,1969,1
45,1969,0
46,1969,5
47,1969,0
48,1969,3
49,1969,0
50,1969,0
1,1970,0
2,1970,0
3,1970,1
4,1970,0
33,1970,3
5,1970,0
6,1970,0
7,1970,1
8,1970,4
9,1970,0
10,1970,1
11,1970,4
39,1970,0
12,1970,0
51,1970,0
13,1970,0
14,1970,0
15,1970,0
16,1970,0
17,1970,0
18,1970,10
19,1970,2
20,1970,0
21,1970,10
22,1970,0
23,1970,1
24,1970,0
25,1970,0
27,1970,0
28,1970,1
29,1970,2
52,1970,0
30,1970,0
31,1970,1
32,1970,0
34,1970,0
35,1970,0
36,1970,0
26,1970,0
37,1970,0
40,1970,0
41,1970,7
42,1970,0
43,1970,0
38,1970,0
44,1970,0
45,1970,0
46,1970,6
47,1970,0
48,1970,3
49,1970,0
50,1970,0
1,1971,0
2,1971,0
3,1971,0
4,1971,2
33,1971,1
5,1971,0
6,1971,1
7,1971,3
8,1971,3
9,1971,0
10,1971,0
11,1971,4
39,1971,0
12,1971,0
51,1971,0
13,1971,0
14,1971,4
15,1971,0
16,1971,0
17,1971,0
18,1971,7
19,1971,2
20,1971,0
21,1971,10
22,1971,0
23,1971,0
24,1971,2
25,1971,0
27,1971,0
28,1971,8
29,1971,2
52,1971,0
30,1971,0
31,1971,1
32,1971,0
34,1971,0
35,1971,0
36,1971,0
26,1971,0
37,1971,0
40,1971,0
41,1971,6
42,1971,0
43,1971,0
38,1971,1
44,1971,0
45,1971,0
46,1971,0
47,1971,0
48,1971,1
49,1971,0
50,1971,0
1,1972,0
2,1972,0
3,1972,0
4,1972,2
33,1972,2
5,1972,0
6,1972,0
7,1972,3
8,1972,5
9,1972,0
10,1972,0
11,1972,4
39,1972,0
12,1972,0
51,1972,0
13,1972,0
14,1972,0
15,1972,0
16,1972,0
17,1972,0
18,1972,12
19,1972,3
20,1972,0
21,1972,6
22,1972,0
23,1972,2
24,1972,3
25,1972,0
27,1972,0
28,1972,4
29,1972,2
52,1972,0
30,1972,1
31,1972,8
32,1972,0
34,1972,0
35,1972,0
36,1972,0
26,1972,1
37,1972,1
40,1972,1
41,1972,9
42,1972,0
43,1972,0
38,1972,0
44,1972,0
45,1972,1
46,1972,6
47,1972,0
48,1972,1
49,1972,0
50,1972,3
1,1973,0
2,1973,0
3,1973,0
4,1973,2
33,1973,2
5,1973,0
6,1973,0
7,1973,1
8,1973,5
9,1973,0
10,1973,0
11,1973,0
39,1973,0
12,1973,0
51,1973,0
13,1973,0
14,1973,1
15,1973,1
16,1973,0
17,1973,2
18,1973,3
19,1973,7
20,1973,0
21,1973,7
22,1973,0
23,1973,1
24,1973,2
25,1973,0
27,1973,0
28,1973,3
29,1973,1
52,1973,0
30,1973,0
31,1973,1
32,1973,0
34,1973,0
35,1973,3
36,1973,0
26,1973,0
37,1973,0
40,1973,0
41,1973,9
42,1973,0
43,1973,0
38,1973,2
44,1973,0
45,1973,0
46,1973,6
47,1973,0
48,1973,0
49,1973,0
50,1973,0
1,1974,0
2,1974,0
3,1974,0
4,1974,1
33,1974,0
5,1974,0
6,1974,0
7,1974,2
8,1974,2
9,1974,0
10,1974,0
11,1974,1
39,1974,0
12,1974,0
51,1974,0
13,1974,0
14,1974,5
15,1974,0
16,1974,0
17,1974,0
18,1974,7
19,1974,3
20,1974,0
21,1974,7
22,1974,0
23,1974,0
24,1974,2
25,1974,0
27,1974,0
28,1974,2
29,1974,1
52,1974,0
30,1974,1
31,1974,1
32,1974,0
34,1974,0
35,1974,0
36,1974,0
26,1974,1
37,1974,0
40,1974,0
41,1974,18
42,1974,0
43,1974,0
38,1974,4
44,1974,0
45,1974,0
46,1974,4
47,1974,1
48,1974,1
49,1974,0
50,1974,0
1,1975,0
2,1975,1
3,1975,0
4,1975,0
33,1975,1
5,1975,0
6,1975,0
7,1975,1
8,1975,3
9,1975,0
10,1975,0
11,1975,7
39,1975,1
12,1975,0
51,1975,0
13,1975,0
14,1975,1
15,1975,0
16,1975,0
17,1975,0
18,1975,13
19,1975,0
20,1975,0
21,1975,9
22,1975,0
23,1975,2
24,1975,0
25,1975,0
27,1975,0
28,1975,2
29,1975,3
52,1975,0
30,1975,0
31,1975,5
32,1975,0
34,1975,0
35,1975,0
36,1975,0
26,1975,0
37,1975,1
40,1975,0
41,1975,12
42,1975,0
43,1975,0
38,1975,2
44,1975,0
45,1975,1
46,1975,2
47,1975,0
48,1975,0
49,1975,0
50,1975,1
1,1976,0
2,1976,0
3,1976,0
4,1976,1
33,1976,5
5,1976,0
6,1976,1
7,1976,3
8,1976,5
9,1976,0
10,1976,0
11,1976,6
39,1976,0
12,1976,0
51,1976,1
13,1976,0
14,1976,2
15,1976,0
16,1976,0
17,1976,0
18,1976,6
19,1976,2
20,1976,0
21,1976,4
22,1976,1
23,1976,1
24,1976,1
25,1976,0
27,1976,0
28,1976,3
29,1976,4
52,1976,0
30,1976,0
31,1976,0
32,1976,0
34,1976,0
35,1976,1
36,1976,0
26,1976,0
37,1976,0
40,1976,1
41,1976,16
42,1976,0
43,1976,1
38,1976,3
44,1976,0
45,1976,1
46,1976,8
47,1976,0
48,1976,2
49,1976,0
50,1976,0
1,1977,0
2,1977,1
3,1977,0
4,1977,1
33,1977,3
5,1977,0
6,1977,1
7,1977,1
8,1977,2
9,1977,1
10,1977,1
11,1977,6
39,1977,1
12,1977,0
51,1977,1
13,1977,0
14,1977,2
15,1977,0
16,1977,0
17,1977,0
18,1977,12
19,1977,2
20,1977,0
21,1977,4
22,1977,1
23,1977,0
24,1977,0
25,1977,0
27,1977,0
28,1977,6
29,1977,5
52,1977,0
30,1977,2
31,1977,5
32,1977,0
34,1977,0
35,1977,1
36,1977,0
26,1977,1
37,1977,2
40,1977,0
41,1977,5
42,1977,0
43,1977,0
38,1977,0
44,1977,0
45,1977,0
46,1977,7
47,1977,0
48,1977,3
49,1977,0
50,1977,1
1,1978,0
2,1978,0
3,1978,0
4,1978,2
33,1978,2
5,1978,0
6,1978,1
7,1978,6
8,1978,3
9,1978,0
10,1978,0
11,1978,7
39,1978,0
12,1978,0
51,1978,0
13,1978,0
14,1978,2
15,1978,0
16,1978,0
17,1978,0
18,1978,15
19,1978,1
20,1978,1
21,1978,5
22,1978,0
23,1978,1
24,1978,1
25,1978,0
27,1978,0
28,1978,14
29,1978,1
52,1978,0
30,1978,0
31,1978,0
32,1978,0
34,1978,0
35,1978,0
36,1978,1
26,1978,0
37,1978,0
40,1978,0
41,1978,14
42,1978,0
43,1978,0
38,1978,1
44,1978,1
45,1978,1
46,1978,4
47,1978,0
48,1978,0
49,1978,0
50,1978,1
1,1979,0
2,1979,0
3,1979,0
4,1979,1
33,1979,1
5,1979,0
6,1979,0
7,1979,1
8,1979,3
9,1979,0
10,1979,0
11,1979,5
39,1979,0
12,1979,0
51,1979,0
13,1979,0
14,1979,2
15,1979,0
16,1979,0
17,1979,0
18,1979,5
19,1979,1
20,1979,0
21,1979,6
22,1979,0
23,1979,0
24,1979,0
25,1979,0
27,1979,0
28,1979,8
29,1979,0
52,1979,0
30,1979,1
31,1979,1
32,1979,0
34,1979,0
35,1979,0
36,1979,2
26,1979,0
37,1979,0
40,1979,0
41,1979,3
42,1979,0
43,1979,0
38,1979,1
44,1979,0
45,1979,0
46,1979,2
47,1979,0
48,1979,0
49,1979,0
50,1979,0
1,1980,0
2,1980,0
3,1980,0
4,1980,0
33,1980,1
5,1980,0
6,1980,0
7,1980,0
8,1980,2
9,1980,0
10,1980,0
11,1980,0
39,1980,1
12,1980,0
51,1980,1
13,1980,0
14,1980,0
15,1980,0
16,1980,0
17,1980,0
18,1980,7
19,1980,1
20,1980,0
21,1980,4
22,1980,0
23,1980,0
24,1980,1
25,1980,0
27,1980,0
28,1980,8
29,1980,0
52,1980,0
30,1980,1
31,1980,0
32,1980,0
34,1980,0
35,1980,2
36,1980,0
26,1980,0
37,1980,0
40,1980,1
41,1980,5
42,1980,0
43,1980,0
38,1980,0
44,1980,0
45,1980,0
46,1980,3
47,1980,0
48,1980,0
49,1980,0
50,1980,0
1,1981,1
2,1981,0
3,1981,0
4,1981,0
33,1981,1
5,1981,0
6,1981,0
7,1981,1
8,1981,5
9,1981,0
10,1981,0
11,1981,3
39,1981,1
12,1981,0
51,1981,0
13,1981,0
14,1981,1
15,1981,0
16,1981,0
17,1981,0
18,1981,7
19,1981,2
20,1981,0
21,1981,6
22,1981,0
23,1981,0
24,1981,0
25,1981,0
27,1981,0
28,1981,10
29,1981,0
52,1981,0
30,1981,0
31,1981,3
32,1981,0
34,1981,0
35,1981,3
36,1981,0
26,1981,0
37,1981,2
40,1981,0
41,1981,7
42,1981,1
43,1981,0
38,1981,0
44,1981,0
45,1981,0
46,1981,2
47,1981,0
48,1981,3
49,1981,0
50,1981,1
1,1982,0
2,1982,0
3,1982,0
4,1982,3
33,1982,4
5,1982,0
6,1982,0
7,1982,4
8,1982,25
9,1982,0
10,1982,0
11,1982,3
39,1982,1
12,1982,0
51,1982,0
13,1982,0
14,1982,1
15,1982,0
16,1982,0
17,1982,0
18,1982,8
19,1982,1
20,1982,0
21,1982,3
22,1982,0
23,1982,1
24,1982,1
25,1982,0
27,1982,1
28,1982,9
29,1982,0
52,1982,0
30,1982,0
31,1982,0
32,1982,0
34,1982,0
35,1982,3
36,1982,3
26,1982,0
37,1982,0
40,1982,0
41,1982,8
42,1982,0
43,1982,0
38,1982,1
44,1982,0
45,1982,0
46,1982,1
47,1982,0
48,1982,1
49,1982,0
50,1982,0
1,1983,0
2,1983,0
3,1983,1
4,1983,1
33,1983,4
5,1983,0
6,1983,4
7,1983,0
8,1983,7
9,1983,0
10,1983,1
11,1983,1
39,1983,0
12,1983,0
51,1983,0
13,1983,1
14,1983,0
15,1983,0
16,1983,1
17,1983,1
18,1983,9
19,1983,1
20,1983,1
21,1983,2
22,1983,0
23,1983,0
24,1983,0
25,1983,0
27,1983,0
28,1983,18
29,1983,2
52,1983,0
30,1983,4
31,1983,1
32,1983,0
34,1983,0
35,1983,0
36,1983,0
26,1983,0
37,1983,0
40,1983,0
41,1983,6
42,1983,0
43,1983,1
38,1983,1
44,1983,1
45,1983,2
46,1983,6
47,1983,0
48,1983,2
49,1983,0
50,1983,0
1,1984,0
2,1984,0
3,1984,0
4,1984,1
33,1984,1
5,1984,0
6,1984,0
7,1984,1
8,1984,5
9,1984,0
10,1984,0
11,1984,2
39,1984,1
12,1984,0
51,1984,0
13,1984,0
14,1984,1
15,1984,0
16,1984,0
17,1984,0
18,1984,1
19,1984,2
20,1984,0
21,1984,0
22,1984,0
23,1984,2
24,1984,1
25,1984,0
27,1984,0
28,1984,10
29,1984,1
52,1984,0
30,1984,0
31,1984,0
32,1984,0
34,1984,0
35,1984,1
36,1984,0
26,1984,0
37,1984,0
40,1984,0
41,1984,11
42,1984,0
43,1984,0
38,1984,0
44,1984,0
45,1984,0
46,1984,3
47,1984,0
48,1984,3
49,1984,0
50,1984,0
1,1985,0
2,1985,0
3,1985,0
4,1985,1
33,1985,1
5,1985,0
6,1985,0
7,1985,1
8,1985,1
9,1985,0
10,1985,0
11,1985,1
39,1985,0
12,1985,0
51,1985,0
13,1985,0
14,1985,0
15,1985,0
16,1985,0
17,1985,0
18,1985,0
19,1985,0
20,1985,0
21,1985,2
22,1985,1
23,1985,0
24,1985,1
25,1985,0
27,1985,0
28,1985,19
29,1985,0
52,1985,0
30,1985,0
31,1985,1
32,1985,0
34,1985,0
35,1985,0
36,1985,0
26,1985,0
37,1985,0
40,1985,0
41,1985,3
42,1985,0
43,1985,0
38,1985,0
44,1985,0
45,1985,0
46,1985,1
47,1985,0
48,1985,0
49,1985,0
50,1985,0
1,1986,0
2,1986,0
3,1986,0
4,1986,0
33,1986,2
5,1986,0
6,1986,0
7,1986,2
8,1986,3
9,1986,0
10,1986,0
11,1986,3
39,1986,0
12,1986,0
51,1986,0
13,1986,0
14,1986,0
15,1986,0
16,1986,0
17,1986,0
18,1986,5
19,1986,0
20,1986,0
21,1986,2
22,1986,1
23,1986,0
24,1986,3
25,1986,0
27,1986,2
28,1986,16
29,1986,1
52,1986,0
30,1986,0
31,1986,1
32,1986,0
34,1986,0
35,1986,1
36,1986,0
26,1986,0
37,1986,0
40,1986,1
41,1986,15
42,1986,0
43,1986,0
38,1986,0
44,1986,0
45,1986,7
46,1986,4
47,1986,0
48,1986,4
49,1986,0
50,1986,3
1,1987,0
2,1987,0
3,1987,0
4,1987,0
33,1987,5
5,1987,0
6,1987,0
7,1987,6
8,1987,15
9,1987,0
10,1987,0
11,1987,0
39,1987,0
12,1987,0
51,1987,0
13,1987,0
14,1987,0
15,1987,0
16,1987,0
17,1987,0
18,1987,3
19,1987,0
20,1987,0
21,1987,0
22,1987,0
23,1987,0
24,1987,0
25,1987,0
27,1987,0
28,1987,23
29,1987,3
52,1987,1
30,1987,0
31,1987,0
32,1987,0
34,1987,0
35,1987,2
36,1987,0
26,1987,3
37,1987,0
40,1987,0
41,1987,16
42,1987,3
43,1987,0
38,1987,0
44,1987,0
45,1987,1
46,1987,2
47,1987,0
48,1987,9
49,1987,0
50,1987,0
1,1988,0
2,1988,0
3,1988,0
4,1988,1
33,1988,0
5,1988,0
6,1988,3
7,1988,2
8,1988,14
9,1988,0
10,1988,0
11,1988,5
39,1988,0
12,1988,0
51,1988,0
13,1988,0
14,1988,2
15,1988,0
16,1988,1
17,1988,0
18,1988,4
19,1988,0
20,1988,0
21,1988,4
22,1988,0
23,1988,0
24,1988,3
25,1988,0
27,1988,0
28,1988,18
29,1988,3
52,1988,0
30,1988,0
31,1988,1
32,1988,0
34,1988,0
35,1988,0
36,1988,0
26,1988,0
37,1988,0
40,1988,0
41,1988,18
42,1988,3
43,1988,1
38,1988,0
44,1988,0
45,1988,0
46,1988,6
47,1988,0
48,1988,4
49,1988,0
50,1988,2
1,1989,0
2,1989,0
3,1989,0
4,1989,0
33,1989,6
5,1989,0
6,1989,1
7,1989,2
8,1989,7
9,1989,0
10,1989,0
11,1989,0
39,1989,0
12,1989,0
51,1989,0
13,1989,0
14,1989,1
15,1989,0
16,1989,0
17,1989,0
18,1989,2
19,1989,0
20,1989,0
21,1989,1
22,1989,0
23,1989,0
24,1989,2
25,1989,0
27,1989,0
28,1989,22
29,1989,0
52,1989,0
30,1989,0
31,1989,0
32,1989,0
34,1989,0
35,1989,0
36,1989,0
26,1989,0
37,1989,0
40,1989,0
41,1989,8
42,1989,0
43,1989,0
38,1989,0
44,1989,0
45,1989,0
46,1989,1
47,1989,0
48,1989,5
49,1989,0
50,1989,0
1,1990,0
2,1990,0
3,1990,0
4,1990,0
33,1990,0
5,1990,0
6,1990,0
7,1990,2
8,1990,6
9,1990,0
10,1990,0
11,1990,3
39,1990,1
12,1990,0
51,1990,0
13,1990,0
14,1990,1
15,1990,0
16,1990,0
17,1990,0
18,1990,5
19,1990,2
20,1990,3
21,1990,6
22,1990,0
23,1990,0
24,1990,1
25,1990,0
27,1990,0
28,1990,20
29,1990,3
52,1990,0
30,1990,0
31,1990,3
32,1990,0
34,1990,0
35,1990,4
36,1990,0
26,1990,0
37,1990,0
40,1990,0
41,1990,15
42,1990,0
43,1990,0
38,1990,0
44,1990,0
45,1990,0
46,1990,0
47,1990,1
48,1990,4
49,1990,0
50,1990,0
1,1991,0
2,1991,0
3,1991,0
4,1991,0
33,1991,1
5,1991,0
6,1991,0
7,1991,0
8,1991,8
9,1991,0
10,1991,0
11,1991,0
39,1991,0
12,1991,0
51,1991,0
13,1991,0
14,1991,1
15,1991,0
16,1991,0
17,1991,0
18,1991,6
19,1991,2
20,1991,0
21,1991,1
22,1991,0
23,1991,1
24,1991,0
25,1991,0
27,1991,1
28,1991,27
29,1991,0
52,1991,0
30,1991,0
31,1991,1
32,1991,0
34,1991,0
35,1991,0
36,1991,0
26,1991,0
37,1991,0
40,1991,3
41,1991,12
42,1991,0
43,1991,3
38,1991,0
44,1991,0
45,1991,1
46,1991,3
47,1991,0
48,1991,2
49,1991,0
50,1991,1
1,1992,0
2,1992,0
3,1992,0
4,1992,3
33,1992,2
5,1992,0
6,1992,1
7,1992,1
8,1992,14
9,1992,0
10,1992,1
11,1992,5
39,1992,0
12,1992,0
51,1992,0
13,1992,0
14,1992,3
15,1992,0
16,1992,1
17,1992,0
18,1992,5
19,1992,2
20,1992,0
21,1992,6
22,1992,0
23,1992,0
24,1992,3
25,1992,0
27,1992,0
28,1992,14
29,1992,3
52,1992,0
30,1992,0
31,1992,0
32,1992,0
34,1992,0
35,1992,5
36,1992,0
26,1992,0
37,1992,1
40,1992,1
41,1992,24
42,1992,0
43,1992,0
38,1992,0
44,1992,0
45,1992,1
46,1992,16
47,1992,0
48,1992,3
49,1992,0
50,1992,0
1,1993,0
2,1993,0
3,1993,1
4,1993,1
33,1993,2
5,1993,0
6,1993,0
7,1993,0
8,1993,9
9,1993,0
10,1993,0
11,1993,1
39,1993,1
12,1993,0
51,1993,0
13,1993,0
14,1993,1
15,1993,0
16,1993,2
17,1993,0
18,1993,7
19,1993,1
20,1993,0
21,1993,1
22,1993,0
23,1993,0
24,1993,2
25,1993,0
27,1993,1
28,1993,15
29,1993,2
52,1993,0
30,1993,0
31,1993,0
32,1993,0
34,1993,0
35,1993,5
36,1993,0
26,1993,0
37,1993,1
40,1993,0
41,1993,5
42,1993,4
43,1993,1
38,1993,0
44,1993,0
45,1993,0
46,1993,31
47,1993,0
48,1993,0
49,1993,0
50,1993,0
1,1994,0
2,1994,1
3,1994,2
4,1994,0
33,1994,2
5,1994,0
6,1994,1
7,1994,3
8,1994,3
9,1994,2
10,1994,0
11,1994,1
39,1994,0
12,1994,0
51,1994,0
13,1994,0
14,1994,4
15,1994,0
16,1994,0
17,1994,1
18,1994,1
19,1994,1
20,1994,0
21,1994,2
22,1994,0
23,1994,0
24,1994,2
25,1994,0
27,1994,2
28,1994,10
29,1994,0
52,1994,0
30,1994,1
31,1994,0
32,1994,0
34,1994,2
35,1994,1
36,1994,0
26,1994,1
37,1994,1
40,1994,0
41,1994,6
42,1994,1
43,1994,1
38,1994,1
44,1994,0
45,1994,0
46,1994,20
47,1994,0
48,1994,2
49,1994,0
50,1994,2
1,1995,1
2,1995,0
3,1995,0
4,1995,0
33,1995,0
5,1995,0
6,1995,0
7,1995,2
8,1995,2
9,1995,0
10,1995,0
11,1995,4
39,1995,0
12,1995,0
51,1995,0
13,1995,0
14,1995,1
15,1995,0
16,1995,0
17,1995,0
18,1995,5
19,1995,0
20,1995,0
21,1995,4
22,1995,0
23,1995,1
24,1995,1
25,1995,0
27,1995,0
28,1995,14
29,1995,1
52,1995,0
30,1995,0
31,1995,3
32,1995,0
34,1995,0
35,1995,0
36,1995,1
26,1995,0
37,1995,0
40,1995,0
41,1995,5
42,1995,0
43,1995,1
38,1995,6
44,1995,0
45,1995,1
46,1995,5
47,1995,1
48,1995,5
49,1995,1
50,1995,1
1,1996,0
2,1996,0
3,1996,0
4,1996,3
33,1996,2
5,1996,0
6,1996,0
7,1996,1
8,1996,6
9,1996,0
10,1996,0
11,1996,3
39,1996,0
12,1996,0
51,1996,0
13,1996,0
14,1996,0
15,1996,0
16,1996,0
17,1996,0
18,1996,9
19,1996,1
20,1996,1
21,1996,1
22,1996,1
23,1996,2
24,1996,2
25,1996,0
27,1996,0
28,1996,14
29,1996,0
52,1996,0
30,1996,0
31,1996,0
32,1996,1
34,1996,0
35,1996,1
36,1996,0
26,1996,0
37,1996,0
40,1996,0
41,1996,13
42,1996,0
43,1996,0
38,1996,0
44,1996,0
45,1996,1
46,1996,5
47,1996,0
48,1996,2
49,1996,0
50,1996,0
1,1997,0
2,1997,0
3,1997,0
4,1997,1
33,1997,3
5,1997,0
6,1997,0
7,1997,2
8,1997,3
9,1997,1
10,1997,0
11,1997,5
39,1997,1
12,1997,0
51,1997,0
13,1997,0
14,1997,2
15,1997,0
16,1997,0
17,1997,0
18,1997,3
19,1997,0
20,1997,0
21,1997,6
22,1997,0
23,1997,3
24,1997,1
25,1997,0
27,1997,0
28,1997,9
29,1997,1
52,1997,0
30,1997,1
31,1997,1
32,1997,0
34,1997,0
35,1997,0
36,1997,1
26,1997,0
37,1997,0
40,1997,0
41,1997,8
42,1997,0
43,1997,1
38,1997,6
44,1997,0
45,1997,0
46,1997,5
47,1997,0
48,1997,0
49,1997,0
50,1997,0
1,1998,2
2,1998,0
3,1998,1
4,1998,2
33,1998,1
5,1998,0
6,1998,0
7,1998,1
8,1998,8
9,1998,0
10,1998,0
11,1998,8
39,1998,0
12,1998,0
51,1998,0
13,1998,0
14,1998,1
15,1998,0
16,1998,1
17,1998,0
18,1998,1
19,1998,0
20,1998,0
21,1998,5
22,1998,0
23,1998,2
24,1998,1
25,1998,0
27,1998,0
28,1998,11
29,1998,4
52,1998,1
30,1998,0
31,1998,0
32,1998,0
34,1998,0
35,1998,0
36,1998,2
26,1998,0
37,1998,0
40,1998,1
41,1998,8
42,1998,0
43,1998,0
38,1998,0
44,1998,0
45,1998,0
46,1998,4
47,1998,0
48,1998,4
49,1998,0
50,1998,0
1,1999,0
2,1999,0
3,1999,1
4,1999,1
33,1999,4
5,1999,0
6,1999,0
7,1999,1
8,1999,8
9,1999,0
10,1999,0
11,1999,4
39,1999,0
12,1999,0
51,1999,1
13,1999,0
14,1999,2
15,1999,1
16,1999,0
17,1999,0
18,1999,11
19,1999,0
20,1999,0
21,1999,5
22,1999,0
23,1999,1
24,1999,3
25,1999,0
27,1999,0
28,1999,25
29,1999,3
52,1999,1
30,1999,0
31,1999,0
32,1999,0
34,1999,0
35,1999,0
36,1999,0
26,1999,0
37,1999,0
40,1999,0
41,1999,17
42,1999,0
43,1999,0
38,1999,1
44,1999,0
45,1999,3
46,1999,4
47,1999,0
48,1999,2
49,1999,0
50,1999,0
1,2000,0
2,2000,0
3,2000,0
4,2000,1
33,2000,2
5,2000,0
6,2000,0
7,2000,2
8,2000,23
9,2000,1
10,2000,0
11,2000,4
39,2000,0
12,2000,0
51,2000,0
13,2000,0
14,2000,2
15,2000,0
16,2000,0
17,2000,0
18,2000,6
19,2000,0
20,2000,0
21,2000,3
22,2000,0
23,2000,2
24,2000,3
25,2000,0
27,2000,0
28,2000,20
29,2000,8
52,2000,0
30,2000,1
31,2000,2
32,2000,0
34,2000,0
35,2000,42
36,2000,5
26,2000,0
37,2000,0
40,2000,0
41,2000,13
42,2000,1
43,2000,0
38,2000,1
44,2000,0
45,2000,1
46,2000,2
47,2000,2
48,2000,0
49,2000,0
50,2000,1
1,2001,1
2,2001,0
3,2001,2
4,2001,1
33,2001,0
5,2001,0
6,2001,1
7,2001,2
8,2001,12
9,2001,1
10,2001,0
11,2001,3
39,2001,1
12,2001,0
51,2001,0
13,2001,0
14,2001,2
15,2001,0
16,2001,1
17,2001,0
18,2001,6
19,2001,1
20,2001,0
21,2001,3
22,2001,0
23,2001,0
24,2001,3
25,2001,0
27,2001,0
28,2001,19
29,2001,1
52,2001,0
30,2001,2
31,2001,3
32,2001,0
34,2001,0
35,2001,1
36,2001,0
26,2001,0
37,2001,0
40,2001,0
41,2001,12
42,2001,1
43,2001,0
38,2001,0
44,2001,0
45,2001,0
46,2001,2
47,2001,4
48,2001,3
49,2001,0
50,2001,2
1,2002,0
2,2002,0
3,2002,1
4,2002,6
33,2002,3
5,2002,0
6,2002,0
7,2002,4
8,2002,15
9,2002,0
10,2002,0
11,2002,3
39,2002,1
12,2002,0
51,2002,0
13,2002,0
14,2002,0
15,2002,0
16,2002,1
17,2002,1
18,2002,6
19,2002,0
20,2002,0
21,2002,4
22,2002,0
23,2002,1
24,2002,1
25,2002,0
27,2002,1
28,2002,26
29,2002,6
52,2002,1
30,2002,1
31,2002,7
32,2002,0
34,2002,0
35,2002,7
36,2002,1
26,2002,0
37,2002,0
40,2002,0
41,2002,13
42,2002,1
43,2002,4
38,2002,1
44,2002,0
45,2002,3
46,2002,1
47,2002,0
48,2002,3
49,2002,0
50,2002,1
1,2003,0
2,2003,0
3,2003,1
4,2003,0
33,2003,1
5,2003,0
6,2003,0
7,2003,1
8,2003,13
9,2003,1
10,2003,0
11,2003,3
39,2003,1
12,2003,0
51,2003,0
13,2003,0
14,2003,5
15,2003,0
16,2003,0
17,2003,0
18,2003,2
19,2003,0
20,2003,0
21,2003,9
22,2003,0
23,2003,0
24,2003,4
25,2003,0
27,2003,0
28,2003,34
29,2003,9
52,2003,0
30,2003,1
31,2003,1
32,2003,0
34,2003,0
35,2003,1
36,2003,0
26,2003,0
37,2003,1
40,2003,0
41,2003,10
42,2003,0
43,2003,2
38,2003,0
44,2003,0
45,2003,1
46,2003,6
47,2003,2
48,2003,5
49,2003,2
50,2003,2
1,2004,0
2,2004,0
3,2004,2
4,2004,1
33,2004,3
5,2004,0
6,2004,0
7,2004,3
8,2004,13
9,2004,1
10,2004,0
11,2004,5
39,2004,0
12,2004,0
51,2004,0
13,2004,0
14,2004,1
15,2004,0
16,2004,1
17,2004,0
18,2004,1
19,2004,0
20,2004,0
21,2004,12
22,2004,0
23,2004,0
24,2004,4
25,2004,0
27,2004,0
28,2004,24
29,2004,2
52,2004,0
30,2004,2
31,2004,0
32,2004,0
34,2004,0
35,2004,4
36,2004,2
26,2004,0
37,2004,0
40,2004,1
41,2004,14
42,2004,2
43,2004,0
38,2004,0
44,2004,0
45,2004,2
46,2004,3
47,2004,0
48,2004,2
49,2004,0
50,2004,0
1,2005,0
2,2005,1
3,2005,0
4,2005,2
33,2005,10
5,2005,0
6,2005,0
7,2005,5
8,2005,10
9,2005,0
10,2005,0
11,2005,10
39,2005,0
12,2005,0
51,2005,0
13,2005,0
14,2005,1
15,2005,0
16,2005,0
17,2005,0
18,2005,10
19,2005,1
20,2005,0
21,2005,22
22,2005,0
23,2005,1
24,2005,2
25,2005,0
27,2005,1
28,2005,41
29,2005,12
52,2005,0
30,2005,0
31,2005,2
32,2005,0
34,2005,0
35,2005,3
36,2005,0
26,2005,0
37,2005,1
40,2005,0
41,2005,8
42,2005,1
43,2005,0
38,2005,0
44,2005,0
45,2005,1
46,2005,2
47,2005,0
48,2005,0
49,2005,0
50,2005,2
1,2006,0
2,2006,0
3,2006,1
4,2006,0
33,2006,2
5,2006,0
6,2006,2
7,2006,6
8,2006,8
9,2006,0
10,2006,0
11,2006,5
39,2006,0
12,2006,0
51,2006,0
13,2006,0
14,2006,5
15,2006,0
16,2006,0
17,2006,0
18,2006,9
19,2006,0
20,2006,0
21,2006,7
22,2006,0
23,2006,0
24,2006,1
25,2006,0
27,2006,0
28,2006,32
29,2006,2
52,2006,0
30,2006,2
31,2006,0
32,2006,0
34,2006,0
35,2006,2
36,2006,1
26,2006,0
37,2006,0
40,2006,0
41,2006,18
42,2006,0
43,2006,0
38,2006,0
44,2006,0
45,2006,5
46,2006,6
47,2006,2
48,2006,1
49,2006,0
50,2006,0
1,2007,0
2,2007,0
3,2007,3
4,2007,2
33,2007,3
5,2007,0
6,2007,1
7,2007,2
8,2007,20
9,2007,0
10,2007,0
11,2007,9
39,2007,0
12,2007,0
51,2007,0
13,2007,0
14,2007,4
15,2007,0
16,2007,0
17,2007,0
18,2007,12
19,2007,3
20,2007,0
21,2007,12
22,2007,1
23,2007,1
24,2007,4
25,2007,1
27,2007,1
28,2007,25
29,2007,3
52,2007,0
30,2007,0
31,2007,2
32,2007,0
34,2007,0
35,2007,0
36,2007,0
26,2007,0
37,2007,0
40,2007,0
41,2007,15
42,2007,3
43,2007,1
38,2007,1
44,2007,2
45,2007,0
46,2007,8
47,2007,0
48,2007,2
49,2007,0
50,2007,3
1,2008,0
2,2008,1
3,2008,1
4,2008,3
33,2008,2
5,2008,0
6,2008,0
7,2008,5
8,2008,15
9,2008,3
10,2008,0
11,2008,7
39,2008,0
12,2008,0
51,2008,0
13,2008,0
14,2008,1
15,2008,0
16,2008,0
17,2008,0
18,2008,6
19,2008,0
20,2008,0
21,2008,7
22,2008,0
23,2008,0
24,2008,8
25,2008,0
27,2008,1
28,2008,37
29,2008,8
52,2008,0
30,2008,1
31,2008,0
32,2008,0
34,2008,0
35,2008,8
36,2008,0
26,2008,1
37,2008,1
40,2008,0
41,2008,31
42,2008,2
43,2008,4
38,2008,0
44,2008,0
45,2008,0
46,2008,3
47,2008,0
48,2008,2
49,2008,1
50,2008,1
1,2009,0
2,2009,1
3,2009,0
4,2009,1
33,2009,5
5,2009,0
6,2009,0
7,2009,3
8,2009,18
9,2009,1
10,2009,0
11,2009,8
39,2009,0
12,2009,0
51,2009,0
13,2009,0
14,2009,3
15,2009,0
16,2009,1
17,2009,0
18,2009,3
19,2009,1
20,2009,0
21,2009,5
22,2009,0
23,2009,0
24,2009,2
25,2009,0
27,2009,2
28,2009,41
29,2009,6
52,2009,1
30,2009,0
31,2009,0
32,2009,0
34,2009,0
35,2009,1
36,2009,0
26,2009,0
37,2009,0
40,2009,0
41,2009,8
42,2009,2
43,2009,0
38,2009,2
44,2009,1
45,2009,1
46,2009,3
47,2009,0
48,2009,2
49,2009,0
50,2009,1
1,2010,0
2,2010,0
3,2010,0
4,2010,1
33,2010,9
5,2010,0
6,2010,2
7,2010,6
8,2010,32
9,2010,1
10,2010,0
11,2010,5
39,2010,0
12,2010,0
51,2010,0
13,2010,0
14,2010,8
15,2010,0
16,2010,0
17,2010,1
18,2010,6
19,2010,0
20,2010,1
21,2010,11
22,2010,0
23,2010,1
24,2010,3
25,2010,0
27,2010,0
28,2010,39
29,2010,3
52,2010,0
30,2010,0
31,2010,0
32,2010,1
34,2010,0
35,2010,2
36,2010,0
26,2010,0
37,2010,1
40,2010,2
41,2010,17
42,2010,0
43,2010,0
38,2010,1
44,2010,2
45,2010,2
46,2010,5
47,2010,0
48,2010,5
49,2010,0
50,2010,4
1,2011,0
2,2011,0
3,2011,0
4,2011,4
33,2011,4
5,2011,0
6,2011,0
7,2011,5
8,2011,12
9,2011,0
10,2011,0
11,2011,14
39,2011,2
12,2011,0
51,2011,0
13,2011,0
14,2011,4
15,2011,0
16,2011,0
17,2011,0
18,2011,6
19,2011,2
20,2011,0
21,2011,21
22,2011,0
23,2011,0
24,2011,2
25,2011,0
27,2011,0
28,2011,29
29,2011,6
52,2011,0
30,2011,0
31,2011,4
32,2011,1
34,2011,0
35,2011,2
36,2011,0
26,2011,0
37,2011,3
40,2011,0
41,2011,10
42,2011,2
43,2011,1
38,2011,0
44,2011,0
45,2011,1
46,2011,1
47,2011,0
48,2011,1
49,2011,1
50,2011,5
1,2012,0
2,2012,0
3,2012,0
4,2012,4
33,2012,6
5,2012,0
6,2012,3
7,2012,4
8,2012,11
9,2012,0
10,2012,2
11,2012,10
39,2012,0
12,2012,0
51,2012,0
13,2012,0
14,2012,2
15,2012,3
16,2012,0
17,2012,0
18,2012,9
19,2012,3
20,2012,0
21,2012,11
22,2012,1
23,2012,1
24,2012,7
25,2012,0
27,2012,0
28,2012,26
29,2012,1
52,2012,0
30,2012,1
31,2012,1
32,2012,0
34,2012,0
35,2012,1
36,2012,1
26,2012,1
37,2012,0
40,2012,0
41,2012,11
42,2012,0
43,2012,0
38,2012,0
44,2012,0
45,2012,0
46,2012,3
47,2012,0
48,2012,1
49,2012,0
50,2012,2
1,2013,0
2,2013,1
3,2013,1
4,2013,2
33,2013,1
5,2013,0
6,2013,0
7,2013,0
8,2013,25
9,2013,0
10,2013,0
11,2013,12
39,2013,2
12,2013,0
51,2013,0
13,2013,0
14,2013,2
15,2013,4
16,2013,0
17,2013,0
18,2013,5
19,2013,3
20,2013,0
21,2013,4
22,2013,0
23,2013,1
24,2013,4
25,2013,0
27,2013,0
28,2013,31
29,2013,2
52,2013,0
30,2013,2
31,2013,1
32,2013,0
34,2013,1
35,2013,1
36,2013,0
26,2013,1
37,2013,1
40,2013,0
41,2013,14
42,2013,0
43,2013,0
38,2013,0
44,2013,0
45,2013,2
46,2013,4
47,2013,0
48,2013,2
49,2013,1
50,2013,1
1,2014,0
2,2014,0
3,2014,1
4,2014,0
33,2014,5
5,2014,0
6,2014,1
7,2014,2
8,2014,13
9,2014,0
10,2014,0
11,2014,2
39,2014,0
12,2014,0
51,2014,0
13,2014,0
14,2014,0
15,2014,0
16,2014,0
17,2014,0
18,2014,16
19,2014,0
20,2014,2
21,2014,6
22,2014,0
23,2014,0
24,2014,6
25,2014,0
27,2014,0
28,2014,18
29,2014,4
52,2014,0
30,2014,1
31,2014,0
32,2014,0
34,2014,0
35,2014,1
36,2014,0
26,2014,0
37,2014,0
40,2014,1
41,2014,30
42,2014,1
43,2014,0
38,2014,1
44,2014,0
45,2014,1
46,2014,2
47,2014,2
48,2014,3
49,2014,0
50,2014,0